model,accuracy,precision,recall,roc_auc,brier_score
Logistic regression,0.6842105263157895,0.7027027027027027,0.7878787878787878,0.7702020202020201,0.1956693540334766
Logistic regression + Elo,0.7017543859649122,0.7,0.8484848484848485,0.7676767676767677,0.197475319444271
XGBoost,0.631578947368421,0.6666666666666666,0.7272727272727273,0.7171717171717171,0.21440933644771576
XGBoost + Elo,0.7368421052631579,0.7368421052631579,0.8484848484848485,0.7184343434343434,0.21300166845321655
